State,Year,Population,GDP,AllDonors,LivingDonors,WaitinglistAdditions,
Alabama,2021," 5,039,877 ",204884.6,287,57,714,
Alaska,2021," 732,673 ",50300.3,0,0,0,
Arizona,2021," 7,276,316 ",337424.7,435,128,"1,530",
Arkansas,2021," 3,025,891 ",120710.5,107,1,279,
California,2021," 39,237,836 ",2871424.2,"1,822",594,"7,207",
Colorado,2021," 5,812,069 ",365918.3,368,136,969,
Connecticut,2021," 3,605,597 ",245782.6,69,69,586,
Delaware,2021," 1,003,384 ",64338,7,7,41,
District of Columbia,2021," 670,050 ",125795.8,258,111,813,
Florida,2021," 21,781,128 ",1008694,"1,154",228,"3,710",
Georgia,2021," 10,799,566 ",567939.5,544,182,"1,819",
Hawaii,2021," 1,441,553 ",73879.5,57,3,126,
Idaho,2021," 1,900,923 ",77912.9,0,0,0,
Illinois,2021," 12,671,469 ",774587.8,766,319,"2,762",
Indiana,2021," 6,805,985 ",352624.1,355,64,891,
Iowa,2021," 3,193,079 ",180266.1,210,65,442,
Kansas,2021," 2,934,582 ",162734,391,40,369,
Kentucky,2021," 4,509,394 ",194340,249,57,623,
Louisiana,2021," 4,624,047 ",227734.6,313,86,977,
Maine,2021," 1,372,247 ",61815.1,19,19,136,
Maryland,2021," 6,165,129 ",364242.4,217,72,"1,048",
Massachusetts,2021," 6,984,723 ",530505.1,637,195,"2,086",
Michigan,2021," 10,050,811 ",473333.1,555,138,"1,445",
Minnesota,2021," 5,707,390 ",345172,456,261,"1,449",
Mississippi,2021," 2,949,965 ",104009.8,107,11,352,
Missouri,2021," 6,168,187 ",295726,337,99,"1,409",
Montana,2021," 1,104,271 ",49263.7,0,0,0,
Nebraska,2021," 1,963,692 ",123897,126,32,404,
Nevada,2021," 3,143,991 ",155509.6,191,6,159,
New Hampshire,2021," 1,388,992 ",81931.8,15,15,56,
New Jersey,2021," 9,267,130 ",561782,434,211,"1,211",
New Mexico,2021," 2,115,877 ",95012.2,101,11,155,
New York,2021," 19,835,913 ",1491809.3,"1,080",539,"4,208",
North Carolina,2021," 10,551,162 ",533089.8,596,165,"2,026",
North Dakota,2021," 774,948 ",55730,10,10,59,
Ohio,2021," 11,780,017 ",615416.1,847,240,"2,623",
Oklahoma,2021," 3,986,639 ",195072.7,260,31,499,
Oregon,2021," 4,246,155 ",224428.6,265,67,601,
Pennsylvania,2021," 12,964,056 ",713690.7,"1,282",296,"3,619",
Rhode Island,2021," 1,095,610 ",54222.6,16,16,104,
South Carolina,2021," 5,190,705 ",220689,263,52,"1,008",
South Dakota,2021," 895,376 ",48979.2,27,27,149,
Tennessee,2021," 6,975,218 ",343448.4,604,120,"1,836",
Texas,2021," 29,527,941 ",1831362.4,"1,755",680,"6,257",
Utah,2021," 3,337,975 ",182881.3,294,100,728,
Vermont,2021," 645,570 ",29653.8,0,0,29,
Virginia,2021," 8,642,274 ",492625.7,396,174,"1,727",
Washington,2021," 7,738,692 ",568302.8,438,108,"1,019",
West Virginia,2021," 1,782,959 ",72481.5,3,3,148,
Wisconsin,2021," 5,895,908 ",302781.5,383,122,"1,046",
Wyoming,2021," 578,803 ",36660.9,0,0,0,
Alabama,2020," 5,024,279 ",196906.1,234,58,566,
Alaska,2020," 733,391 ",50161,0,0,0,
Arizona,2020," 7,151,502 ",320550.6,413,112,"1,392",
Arkansas,2020," 3,011,524 ",114943.5,64,2,251,
California,2020," 39,538,223 ",2663665.9,"1,764",572,"7,266",
Colorado,2020," 5,773,714 ",346011.3,318,111,801,
Connecticut,2020," 3,605,944 ",235888.6,126,59,616,
Delaware,2020," 989,948 ",62056.2,3,3,91,
District of Columbia,2020," 689,545 ",122342.1,261,139,763,
Florida,2020," 21,538,187 ",944000.8,"1,116",227,"3,613",
Georgia,2020," 10,711,908 ",536693,469,152,"1,593",
Hawaii,2020," 1,455,271 ",70625.2,53,5,145,
Idaho,2020," 1,839,106 ",73655.4,0,0,0,
Illinois,2020," 12,812,508 ",737643.6,650,227,"2,162",
Indiana,2020," 6,785,528 ",329863.3,305,59,667,
Iowa,2020," 3,190,369 ",169420.3,126,29,445,
Kansas,2020," 2,937,880 ",156770.1,350,31,345,
Kentucky,2020," 4,505,836 ",185535.1,213,40,604,
Louisiana,2020," 4,657,757 ",222296.8,254,60,931,
Maine,2020," 1,362,359 ",58757.3,32,32,85,
Maryland,2020," 6,177,224 ",353052.5,220,84,"1,048",
Massachusetts,2020," 7,029,917 ",498577,423,138,"1,786",
Michigan,2020," 10,077,331 ",445682.6,518,156,"1,227",
Minnesota,2020," 5,706,494 ",326635.6,396,218,"1,125",
Mississippi,2020," 2,961,279 ",99667.5,102,11,433,
Missouri,2020," 6,154,913 ",282654.2,356,95,"1,144",
Montana,2020," 1,084,225 ",46158.1,0,0,0,
Nebraska,2020," 1,961,504 ",117664.9,81,16,319,
Nevada,2020," 3,104,614 ",145219.1,184,4,89,
New Hampshire,2020," 1,377,529 ",75543.1,11,11,61,
New Jersey,2020," 9,288,994 ",535794.9,363,149,"1,147",
New Mexico,2020," 2,117,522 ",92696.5,77,12,126,
New York,2020," 20,201,249 ",1420141,865,439,"3,649",
North Carolina,2020," 10,439,388 ",499517.5,549,135,"1,820",
North Dakota,2020," 779,094 ",54581.1,11,11,70,
Ohio,2020," 11,799,448 ",589897.7,756,242,"2,483",
Oklahoma,2020," 3,959,353 ",190893.8,240,29,430,
Oregon,2020," 4,237,256 ",212849.7,218,44,536,
Pennsylvania,2020," 13,002,700 ",683773.9,"1,179",290,"3,288",
Rhode Island,2020," 1,097,379 ",51415.1,17,17,83,
South Carolina,2020," 5,118,425 ",208480.5,243,42,833,
South Dakota,2020," 886,667 ",46682.7,15,15,135,
Tennessee,2020," 6,910,840 ",316325.3,536,105,"1,719",
Texas,2020," 29,145,505 ",1734321.1,"1,609",618,"5,615",
Utah,2020," 3,271,616 ",171370.1,236,90,637,
Vermont,2020," 643,077 ",28648.5,0,0,26,
Virginia,2020," 8,631,393 ",473817.5,376,148,"1,564",
Washington,2020," 7,705,281 ",532861.9,365,76,947,
West Virginia,2020," 1,793,716 ",69711.6,3,3,160,
Wisconsin,2020," 5,893,718 ",291715.8,379,112,"1,094",
Wyoming,2020," 576,851 ",36256.7,0,0,0,
Alabama,2019," 4,903,185 ",203383.9,258,79,717,
Alaska,2019," 731,545 ",53336.5,0,0,0,
Arizona,2019," 7,278,717 ",323894.3,456,149,"1,464",
Arkansas,2019," 3,017,804 ",116790.9,68,7,269,
California,2019," 39,512,223 ",2739343.4,"1,814",691,"7,878",
Colorado,2019," 5,758,736 ",356773.6,323,137,839,
Connecticut,2019," 3,565,287 ",251495.1,158,87,598,
Delaware,2019," 973,764 ",64262.4,10,10,65,
District of Columbia,2019," 705,749 ",124990.3,279,140,938,
Florida,2019," 21,477,737 ",971619.2,"1,075",345,"4,122",
Georgia,2019," 10,617,423 ",558277.3,553,237,"1,770",
Hawaii,2019," 1,415,872 ",79175.4,44,5,100,
Idaho,2019," 1,787,065 ",73912,0,0,0,
Illinois,2019," 12,671,821 ",777653.8,705,304,"2,295",
Indiana,2019," 6,732,219 ",338350.1,274,84,853,
Iowa,2019," 3,155,070 ",172906,132,42,473,
Kansas,2019," 2,913,314 ",160182.3,310,41,362,
Kentucky,2019," 4,467,673 ",191355.5,170,44,609,
Louisiana,2019," 4,648,794 ",235947.6,324,102,"1,063",
Maine,2019," 1,344,212 ",59433.9,27,27,66,
Maryland,2019," 6,045,680 ",369623.9,272,116,"1,227",
Massachusetts,2019," 6,892,503 ",517727.1,503,175,"1,873",
Michigan,2019," 9,986,857 ",467300.2,502,179,"1,444",
Minnesota,2019," 5,639,632 ",340130.4,459,266,"1,309",
Mississippi,2019," 2,976,149 ",101525.1,77,9,490,
Missouri,2019," 6,137,428 ",290842,353,113,"1,227",
Montana,2019," 1,068,778 ",46788,0,0,0,
Nebraska,2019," 1,934,408 ",118286.5,108,39,375,
Nevada,2019," 3,080,156 ",156828.8,153,3,86,
New Hampshire,2019," 1,359,711 ",77126.5,13,13,34,
New Jersey,2019," 8,882,190 ",561842.8,416,214,"1,335",
New Mexico,2019," 2,096,829 ",94872.3,77,15,166,
New York,2019," 19,453,561 ",1494736.4,"1,105",644,"4,571",
North Carolina,2019," 10,488,084 ",514624.9,515,159,"2,073",
North Dakota,2019," 762,062 ",56247,15,15,54,
Ohio,2019," 11,689,100 ",611145.8,766,326,"2,579",
Oklahoma,2019," 3,956,971 ",200710.9,246,54,493,
Oregon,2019," 4,217,737 ",219458.2,215,73,563,
Pennsylvania,2019," 12,801,989 ",716173.4,"1,245",369,"3,937",
Rhode Island,2019," 1,059,361 ",53225,28,28,89,
South Carolina,2019," 5,148,714 ",212482.8,230,55,740,
South Dakota,2019," 884,659 ",46641,29,29,143,
Tennessee,2019," 6,829,174 ",329111.6,516,139,"1,908",
Texas,2019," 28,995,881 ",1785317.9,"1,717",713,"6,437",
Utah,2019," 3,205,958 ",171134.7,236,120,590,
Vermont,2019," 623,989 ",29902.8,3,3,21,
Virginia,2019," 8,535,519 ",487251.6,339,162,"1,637",
Washington,2019," 7,614,893 ",535980.5,415,121,"1,128",
West Virginia,2019," 1,792,147 ",72542.9,8,8,90,
Wisconsin,2019," 5,822,434 ",303891.2,405,166,"1,095",
Wyoming,2019," 578,759 ",38628.4,0,0,0,
Alabama,2018," 4,887,681 ",200800.9,240,89,736,
Alaska,2018," 735,139 ",53249.6,0,0,0,
Arizona,2018," 7,158,024 ",313618.7,413,146,"1,486",
Arkansas,2018," 3,009,733 ",115937.6,66,8,238,
California,2018," 39,461,588 ",2643576.3,"1,647",662,"7,713",
Colorado,2018," 5,691,287 ",342535.9,310,152,843,
Connecticut,2018," 3,571,520 ",249998.1,160,93,497,
Delaware,2018," 965,479 ",61735.1,5,5,66,
District of Columbia,2018," 701,547 ",123836.1,268,143,986,
Florida,2018," 21,244,317 ",943463.4,966,293,"3,738",
Georgia,2018," 10,511,131 ",539300.3,470,209,"1,903",
Hawaii,2018," 1,420,593 ",79854.7,49,7,94,
Idaho,2018," 1,750,536 ",71075.4,0,0,0,
Illinois,2018," 12,723,071 ",774065,681,274,"1,970",
Indiana,2018," 6,695,497 ",337149.6,264,92,867,
Iowa,2018," 3,148,618 ",172929.4,106,39,377,
Kansas,2018," 2,911,359 ",158906.3,301,46,332,
Kentucky,2018," 4,461,153 ",188083.6,184,54,643,
Louisiana,2018," 4,659,690 ",236265.6,241,80,"1,090",
Maine,2018," 1,339,057 ",58178.8,27,27,62,
Maryland,2018," 6,035,802 ",368643.9,281,131,"1,348",
Massachusetts,2018," 6,882,635 ",502954.3,487,194,"1,866",
Michigan,2018," 9,984,072 ",467830.4,519,207,"1,506",
Minnesota,2018," 5,606,249 ",338524.5,467,292,"1,395",
Mississippi,2018," 2,981,020 ",101131.5,77,4,376,
Missouri,2018," 6,121,623 ",285995.1,287,110,"1,238",
Montana,2018," 1,060,665 ",46614.1,0,0,0,
Nebraska,2018," 1,925,614 ",116904.4,98,35,400,
Nevada,2018," 3,027,341 ",150711.6,128,7,115,
New Hampshire,2018," 1,353,465 ",75534.6,15,15,51,
New Jersey,2018," 8,886,025 ",550064.5,338,185,"1,020",
New Mexico,2018," 2,092,741 ",90999.4,55,10,207,
New York,2018," 19,530,351 ",1457995.8,"1,061",646,"4,502",
North Carolina,2018," 10,381,615 ",504049.5,435,149,"1,931",
North Dakota,2018," 758,080 ",55884,20,20,84,
Ohio,2018," 11,676,341 ",598917.1,677,277,"2,326",
Oklahoma,2018," 3,940,235 ",197358.3,224,45,494,
Oregon,2018," 4,181,886 ",215208.8,195,66,531,
Pennsylvania,2018," 12,800,922 ",703946,"1,098",324,"3,685",
Rhode Island,2018," 1,058,287 ",52493.8,21,21,96,
South Carolina,2018," 5,084,156 ",207772.7,206,42,631,
South Dakota,2018," 878,698 ",46454.1,20,20,135,
Tennessee,2018," 6,771,631 ",322648.5,449,115,"1,629",
Texas,2018," 28,628,666 ",1729286.6,"1,418",594,"5,985",
Utah,2018," 3,153,550 ",163327,207,89,593,
Vermont,2018," 624,358 ",29616.4,1,1,35,
Virginia,2018," 8,501,286 ",477819.8,306,151,"1,476",
Washington,2018," 7,523,869 ",515629.9,364,100,"1,071",
West Virginia,2018," 1,804,291 ",73114.2,12,12,64,
Wisconsin,2018," 5,807,406 ",299416,356,157,"1,167",
Wyoming,2018," 577,601 ",37987.9,0,0,0,
Alabama,2017," 4,874,486 ",197566.6,249,97,730,
Alaska,2017," 739,700 ",54129.5,0,0,0,
Arizona,2017," 7,044,008 ",302455.4,374,120,"1,357",
Arkansas,2017," 3,001,345 ",113885.2,50,4,217,
California,2017," 39,358,497 ",2541769.3,"1,541",602,"7,012",
Colorado,2017," 5,611,885 ",329960.6,292,154,"1,005",
Connecticut,2017," 3,573,297 ",247358.5,154,92,480,
Delaware,2017," 956,823 ",60801.2,10,10,81,
District of Columbia,2017," 694,906 ",120898.9,244,114,822,
Florida,2017," 20,963,613 ",912966.2,876,244,"3,391",
Georgia,2017," 10,410,330 ",524874.7,399,163,"1,854",
Hawaii,2017," 1,424,393 ",78941.6,40,4,103,
Idaho,2017," 1,717,715 ",66980.5,0,0,0,
Illinois,2017," 12,778,828 ",755594.7,606,241,"1,934",
Indiana,2017," 6,658,078 ",325841.7,247,96,774,
Iowa,2017," 3,141,550 ",170182.7,86,36,435,
Kansas,2017," 2,908,718 ",155407.9,263,31,309,
Kentucky,2017," 4,452,268 ",185866.5,149,45,628,
Louisiana,2017," 4,670,560 ",233774.4,258,92,967,
Maine,2017," 1,334,612 ",56662.6,29,29,56,
Maryland,2017," 6,023,868 ",366680.5,260,120,"1,507",
Massachusetts,2017," 6,859,789 ",484413.8,451,180,"1,823",
Michigan,2017," 9,973,114 ",457764.9,474,185,"1,493",
Minnesota,2017," 5,566,230 ",328696.1,411,241,"1,345",
Mississippi,2017," 2,988,510 ",101642.1,77,7,269,
Missouri,2017," 6,106,670 ",282174.2,290,103,"1,175",
Montana,2017," 1,052,482 ",45910.5,0,0,0,
Nebraska,2017," 1,915,947 ",114480.9,117,52,376,
Nevada,2017," 2,969,905 ",145699.9,115,7,119,
New Hampshire,2017," 1,348,787 ",74107.3,15,15,41,
New Jersey,2017," 8,885,525 ",537045.1,363,190,"1,001",
New Mexico,2017," 2,091,784 ",89032,69,15,174,
New York,2017," 19,589,572 ",1419583.6,918,510,"3,975",
North Carolina,2017," 10,268,233 ",496726.5,423,137,"1,797",
North Dakota,2017," 754,942 ",54083.1,17,17,69,
Ohio,2017," 11,659,650 ",590738.9,620,263,"1,983",
Oklahoma,2017," 3,931,316 ",194256,220,43,457,
Oregon,2017," 4,143,625 ",205744.8,187,69,498,
Pennsylvania,2017," 12,787,641 ",694236.5,"1,025",310,"3,759",
Rhode Island,2017," 1,055,673 ",52608.8,9,9,104,
South Carolina,2017," 5,021,268 ",202494.3,189,35,582,
South Dakota,2017," 872,868 ",45878.2,20,20,139,
Tennessee,2017," 6,708,799 ",318412,468,125,"1,571",
Texas,2017," 28,295,273 ",1664218.5,"1,326",480,"5,346",
Utah,2017," 3,101,042 ",154367.3,204,100,467,
Vermont,2017," 624,344 ",29500.9,4,4,38,
Virginia,2017," 8,463,587 ",466724.8,304,157,"1,175",
Washington,2017," 7,423,362 ",482824.1,325,88,"1,052",
West Virginia,2017," 1,817,004 ",71459.4,4,4,72,
Wisconsin,2017," 5,790,186 ",292311.2,367,144,"1,180",
Wyoming,2017," 578,931 ",37429.1,0,0,0,
Alabama,2016," 4,863,525 ",194283.8,205,75,525,
Alaska,2016," 741,456 ",54246.6,0,0,0,
Arizona,2016," 6,941,072 ",291275.2,313,105,"1,487",
Arkansas,2016," 2,989,918 ",112798.1,68,9,190,
California,2016," 39,167,117 ",2427894.6,"1,528",604,"7,333",
Colorado,2016," 5,539,215 ",318953.4,241,106,946,
Connecticut,2016," 3,578,141 ",243286.7,107,70,476,
Delaware,2016," 948,921 ",63001.3,5,5,74,
District of Columbia,2016," 685,815 ",119644.3,226,106,839,
Florida,2016," 20,613,477 ",881539.2,878,230,"3,210",
Georgia,2016," 10,301,890 ",506816.2,414,175,"2,082",
Hawaii,2016," 1,427,559 ",77303.9,49,10,118,
Idaho,2016," 1,682,380 ",65479,0,0,0,
Illinois,2016," 12,820,527 ",749333.5,624,262,"1,920",
Indiana,2016," 6,634,304 ",319601.5,255,94,839,
Iowa,2016," 3,131,371 ",170389.1,91,39,448,
Kansas,2016," 2,910,844 ",153695.3,247,28,314,
Kentucky,2016," 4,438,182 ",184115,144,39,654,
Louisiana,2016," 4,678,135 ",228428.5,230,77,960,
Maine,2016," 1,331,317 ",55565.4,23,23,56,
Maryland,2016," 6,003,323 ",360082,279,118,"1,459",
Massachusetts,2016," 6,823,608 ",475349,474,158,"1,753",
Michigan,2016," 9,950,571 ",452325.2,497,213,"1,652",
Minnesota,2016," 5,522,744 ",324030.3,442,278,"1,273",
Mississippi,2016," 2,987,938 ",101255.3,85,8,307,
Missouri,2016," 6,087,135 ",279109.2,263,110,"1,212",
Montana,2016," 1,040,859 ",44436.8,0,0,0,
Nebraska,2016," 1,905,616 ",112611.5,94,30,423,
Nevada,2016," 2,917,563 ",140081.2,105,6,120,
New Hampshire,2016," 1,342,307 ",73572.2,26,26,45,
New Jersey,2016," 8,870,827 ",535055.3,363,187,"1,066",
New Mexico,2016," 2,091,630 ",89151.4,75,20,122,
New York,2016," 19,633,428 ",1403230.5,875,495,"3,542",
North Carolina,2016," 10,154,788 ",482968.9,390,118,"1,560",
North Dakota,2016," 754,434 ",52974.6,14,14,86,
Ohio,2016," 11,634,370 ",583946.4,587,258,"1,919",
Oklahoma,2016," 3,926,331 ",193025.1,202,36,472,
Oregon,2016," 4,089,976 ",198079.3,184,67,486,
Pennsylvania,2016," 12,782,275 ",688359.4,970,275,"3,656",
Rhode Island,2016," 1,056,770 ",52902.6,23,23,101,
South Carolina,2016," 4,957,968 ",198005.7,154,31,514,
South Dakota,2016," 862,996 ",46076,13,13,151,
Tennessee,2016," 6,646,010 ",310143.2,409,91,"1,645",
Texas,2016," 27,914,410 ",1619954.2,"1,363",521,"5,224",
Utah,2016," 3,041,868 ",147962.3,174,68,515,
Vermont,2016," 623,657 ",29408.1,4,4,28,
Virginia,2016," 8,410,106 ",459965.8,257,133,"1,087",
Washington,2016," 7,294,771 ",458263.8,311,102,"1,010",
West Virginia,2016," 1,831,023 ",70011.4,6,6,55,
Wisconsin,2016," 5,772,628 ",291920.3,373,155,"1,158",
Wyoming,2016," 584,215 ",38188.7,0,0,0,
Alabama,2015," 4,852,347 ",191335.2,193,77,471,
Alaska,2015," 737,498 ",54740.8,0,0,0,
Arizona,2015," 6,829,676 ",282577,279,122,"1,212",
Arkansas,2015," 2,978,048 ",112351,71,14,207,
California,2015," 38,918,045 ",2357452.9,"1,595",695,"7,196",
Colorado,2015," 5,450,623 ",312409.7,228,101,906,
Connecticut,2015," 3,587,122 ",242706.5,111,73,506,
Delaware,2015," 941,252 ",66793.5,5,5,69,
District of Columbia,2015," 675,400 ",116808.4,213,90,"1,157",
Florida,2015," 20,209,042 ",852242.4,785,232,"3,009",
Georgia,2015," 10,178,447 ",489182.3,414,187,"2,369",
Hawaii,2015," 1,422,052 ",75869.5,47,8,159,
Idaho,2015," 1,651,059 ",63081.2,0,0,0,
Illinois,2015," 12,858,913 ",751754.9,537,209,"1,984",
Indiana,2015," 6,608,422 ",313751.2,251,86,805,
Iowa,2015," 3,120,960 ",171126.5,98,38,401,
Kansas,2015," 2,909,011 ",148810.5,211,25,254,
Kentucky,2015," 4,425,976 ",182916,130,38,533,
Louisiana,2015," 4,664,628 ",233016,213,52,"1,104",
Maine,2015," 1,328,262 ",54425.8,27,27,60,
Maryland,2015," 5,985,562 ",348151.8,305,169,"1,632",
Massachusetts,2015," 6,794,228 ",468060.9,445,187,"1,593",
Michigan,2015," 9,931,715 ",443831.2,475,207,"1,728",
Minnesota,2015," 5,482,032 ",318913.2,410,261,"1,210",
Mississippi,2015," 2,988,471 ",100482.4,72,8,271,
Missouri,2015," 6,071,732 ",279020.8,250,92,"1,071",
Montana,2015," 1,030,475 ",45395.7,0,0,0,
Nebraska,2015," 1,891,277 ",111401.5,106,35,382,
Nevada,2015," 2,866,939 ",136347.4,102,7,105,
New Hampshire,2015," 1,336,350 ",72042.4,22,22,56,
New Jersey,2015," 8,867,949 ",529953.7,328,167,"1,068",
New Mexico,2015," 2,089,291 ",89701.3,49,8,132,
New York,2015," 19,654,666 ",1373643,805,488,"3,355",
North Carolina,2015," 10,031,646 ",475096.6,352,128,"1,516",
North Dakota,2015," 754,066 ",56542.4,16,16,73,
Ohio,2015," 11,617,527 ",578852.4,552,232,"1,924",
Oklahoma,2015," 3,909,500 ",197071.9,199,42,418,
Oregon,2015," 4,015,792 ",189946.5,172,60,479,
Pennsylvania,2015," 12,784,826 ",682466.1,926,310,"3,341",
Rhode Island,2015," 1,056,065 ",52819.1,6,6,114,
South Carolina,2015," 4,891,938 ",192019.9,150,30,538,
South Dakota,2015," 853,988 ",45664.5,12,12,125,
Tennessee,2015," 6,591,170 ",304484.2,372,98,"1,535",
Texas,2015," 27,470,056 ",1605901.7,"1,214",523,"4,944",
Utah,2015," 2,981,835 ",141720.5,170,74,553,
Vermont,2015," 625,216 ",29119,0,0,32,
Virginia,2015," 8,361,808 ",455162.4,262,118,950,
Washington,2015," 7,163,657 ",441952.1,282,92,"1,008",
West Virginia,2015," 1,842,050 ",70663,3,3,81,
Wisconsin,2015," 5,760,940 ",289077,314,148,"1,105",
Wyoming,2015," 585,613 ",40418.2,0,0,0,
Alabama,2014," 4,841,799 ",189886.3,200,95,809,
Alaska,2014," 736,283 ",54188.2,0,0,0,
Arizona,2014," 6,730,413 ",276948.9,276,128,"1,175",
Arkansas,2014," 2,967,392 ",111734.5,69,10,206,
California,2014," 38,596,972 ",2256054.7,"1,451",599,"7,551",
Colorado,2014," 5,350,101 ",298655.3,208,104,997,
Connecticut,2014," 3,594,524 ",235780.9,105,68,500,
Delaware,2014," 932,487 ",64940.1,5,5,94,
District of Columbia,2014," 662,328 ",114553.6,191,62,806,
Florida,2014," 19,845,911 ",817233.5,714,224,"2,996",
Georgia,2014," 10,067,278 ",470009.7,375,173,"2,051",
Hawaii,2014," 1,414,538 ",73512.4,53,10,127,
Idaho,2014," 1,631,112 ",62454,0,0,0,
Illinois,2014," 12,884,493 ",741194,532,241,"2,026",
Indiana,2014," 6,593,644 ",316783.1,239,89,845,
Iowa,2014," 3,109,350 ",166619.2,100,42,397,
Kansas,2014," 2,900,475 ",145344.1,214,25,362,
Kentucky,2014," 4,414,349 ",181471.8,139,36,554,
Louisiana,2014," 4,644,013 ",235355.1,207,69,995,
Maine,2014," 1,330,513 ",54037.9,27,27,72,
Maryland,2014," 5,957,283 ",339604.6,292,166,"1,904",
Massachusetts,2014," 6,762,596 ",451568.9,444,192,"1,421",
Michigan,2014," 9,929,848 ",434313.2,438,198,"1,558",
Minnesota,2014," 5,451,079 ",314091.3,374,229,"1,371",
Mississippi,2014," 2,990,468 ",100283.6,65,9,305,
Missouri,2014," 6,056,202 ",276080.7,230,90,"1,032",
Montana,2014," 1,021,869 ",43829.1,0,0,0,
Nebraska,2014," 1,879,321 ",107936.8,98,32,364,
Nevada,2014," 2,817,628 ",130897.4,93,5,124,
New Hampshire,2014," 1,333,341 ",70213.7,19,19,71,
New Jersey,2014," 8,864,525 ",522166.4,277,166,"1,193",
New Mexico,2014," 2,089,568 ",88991.2,66,16,153,
New York,2014," 19,651,049 ",1353410.4,827,510,"3,538",
North Carolina,2014," 9,932,887 ",462253.1,414,150,"1,622",
North Dakota,2014," 737,401 ",57790,17,17,73,
Ohio,2014," 11,602,700 ",574177.9,576,280,"1,780",
Oklahoma,2014," 3,878,187 ",189360,167,38,496,
Oregon,2014," 3,963,244 ",181220.6,148,60,438,
Pennsylvania,2014," 12,788,313 ",669643.1,850,286,"3,730",
Rhode Island,2014," 1,055,936 ",52293.4,16,16,72,
South Carolina,2014," 4,823,617 ",185986.9,135,27,370,
South Dakota,2014," 849,129 ",44846.5,11,11,115,
Tennessee,2014," 6,541,223 ",294130.1,377,92,"1,488",
Texas,2014," 26,964,333 ",1529617.1,"1,115",445,"5,056",
Utah,2014," 2,936,879 ",136993.7,168,73,526,
Vermont,2014," 625,214 ",28912.2,6,6,29,
Virginia,2014," 8,310,993 ",447678.1,257,138,"1,250",
Washington,2014," 7,054,655 ",424467.6,308,111,"1,038",
West Virginia,2014," 1,849,489 ",70532.5,4,4,44,
Wisconsin,2014," 5,751,525 ",283981.1,312,134,"1,243",
Wyoming,2014," 582,531 ",39559.4,0,0,0,
Alabama,2013," 4,830,081 ",191369.8,211,119,980,
Alaska,2013," 737,068 ",55354.3,0,0,0,
Arizona,2013," 6,632,764 ",273481.9,320,141,"1,209",
Arkansas,2013," 2,959,400 ",110752.4,69,12,244,
California,2013," 38,260,787 ",2179229,"1,480",646,"7,310",
Colorado,2013," 5,269,035 ",286259.1,230,92,910,
Connecticut,2013," 3,594,841 ",236050.6,95,65,538,
Delaware,2013," 923,576 ",60235.8,8,8,150,
District of Columbia,2013," 650,581 ",112332.4,167,46,696,
Florida,2013," 19,545,621 ",794842.1,751,274,"3,139",
Georgia,2013," 9,972,479 ",454908.9,381,165,"1,769",
Hawaii,2013," 1,408,243 ",73063.2,50,10,193,
Idaho,2013," 1,611,206 ",60631.2,0,0,0,
Illinois,2013," 12,895,129 ",726125,563,296,"2,129",
Indiana,2013," 6,568,713 ",307279.1,230,99,854,
Iowa,2013," 3,092,997 ",158480.8,105,42,361,
Kansas,2013," 2,893,212 ",141723.4,219,22,306,
Kentucky,2013," 4,404,659 ",181505.9,133,36,561,
Louisiana,2013," 4,624,527 ",228452.8,187,68,936,
Maine,2013," 1,328,009 ",53239.1,19,19,37,
Maryland,2013," 5,923,188 ",334268.9,325,198,"1,768",
Massachusetts,2013," 6,713,315 ",444874,398,172,"1,427",
Michigan,2013," 9,913,065 ",428737.6,487,214,"1,622",
Minnesota,2013," 5,413,479 ",305486.4,361,237,"1,378",
Mississippi,2013," 2,988,711 ",100331.2,73,4,283,
Missouri,2013," 6,040,715 ",274599.3,202,71,"1,088",
Montana,2013," 1,013,569 ",42968.2,0,0,0,
Nebraska,2013," 1,865,279 ",104680,98,25,351,
Nevada,2013," 2,775,970 ",129720.9,97,1,76,
New Hampshire,2013," 1,326,622 ",69080.3,20,20,71,
New Jersey,2013," 8,856,972 ",523725.8,303,170,"1,145",
New Mexico,2013," 2,092,273 ",86856.6,58,22,153,
New York,2013," 19,624,447 ",1329376.3,767,462,"3,970",
North Carolina,2013," 9,843,336 ",452056.2,349,107,"1,490",
North Dakota,2013," 722,036 ",52892.4,18,18,55,
Ohio,2013," 11,576,684 ",556210.5,592,325,"1,850",
Oklahoma,2013," 3,853,214 ",177698.9,137,51,507,
Oregon,2013," 3,922,468 ",175933.8,143,51,409,
Pennsylvania,2013," 12,776,309 ",655929.2,905,331,"3,704",
Rhode Island,2013," 1,055,081 ",51910.8,13,13,92,
South Carolina,2013," 4,764,080 ",180881.6,124,24,377,
South Dakota,2013," 842,316 ",44147.4,7,7,134,
Tennessee,2013," 6,494,340 ",289794.6,396,108,"1,363",
Texas,2013," 26,480,266 ",1484700.1,"1,057",468,"5,098",
Utah,2013," 2,897,640 ",133112.9,170,73,485,
Vermont,2013," 626,210 ",28681.5,5,5,50,
Virginia,2013," 8,252,427 ",449063.8,268,131,"1,299",
Washington,2013," 6,963,985 ",410873.9,282,122,936,
West Virginia,2013," 1,853,914 ",70550.1,2,2,85,
Wisconsin,2013," 5,736,754 ",278015,318,135,"1,250",
Wyoming,2013," 582,122 ",38849.6,0,0,0,
Alabama,2012," 4,815,588 ",189245.5,181,83,"1,106",
Alaska,2012," 730,443 ",58283.6,0,0,0,
Arizona,2012," 6,554,978 ",271440,282,148,"1,214",
Arkansas,2012," 2,952,164 ",108492.1,84,22,208,
California,2012," 37,948,800 ",2113096.4,"1,452",635,"7,071",
Colorado,2012," 5,192,647 ",276823.1,225,107,786,
Connecticut,2012," 3,594,547 ",240911.9,106,65,573,
Delaware,2012," 915,179 ",62354.6,8,8,122,
District of Columbia,2012," 634,924 ",112157,153,46,531,
Florida,2012," 19,297,822 ",778545,736,236,"2,942",
Georgia,2012," 9,901,430 ",447764.7,354,145,"1,591",
Hawaii,2012," 1,394,804 ",71905.3,59,4,60,
Idaho,2012," 1,595,324 ",58323.9,0,0,0,
Illinois,2012," 12,882,510 ",726399.1,555,309,"2,053",
Indiana,2012," 6,537,703 ",300513.9,235,89,900,
Iowa,2012," 3,076,190 ",158538.4,103,45,356,
Kansas,2012," 2,885,257 ",141818.2,217,28,356,
Kentucky,2012," 4,386,346 ",178143.7,111,26,583,
Louisiana,2012," 4,600,972 ",235384.7,203,62,827,
Maine,2012," 1,327,729 ",53679.7,18,18,61,
Maryland,2012," 5,886,992 ",332523.5,315,186,"1,185",
Massachusetts,2012," 6,663,005 ",442916.9,373,168,"1,287",
Michigan,2012," 9,897,145 ",422691.2,447,208,"1,498",
Minnesota,2012," 5,376,643 ",298328.3,397,253,"1,341",
Mississippi,2012," 2,983,816 ",100448.4,73,0,242,
Missouri,2012," 6,024,367 ",271535.1,222,83,"1,178",
Montana,2012," 1,003,783 ",42340.9,0,0,0,
Nebraska,2012," 1,853,303 ",102725.9,72,34,340,
Nevada,2012," 2,743,996 ",129312.9,76,3,63,
New Hampshire,2012," 1,324,232 ",68498.1,20,20,68,
New Jersey,2012," 8,844,942 ",517195.9,325,192,"1,263",
New Mexico,2012," 2,087,309 ",87925.2,48,16,149,
New York,2012," 19,572,932 ",1328233.5,727,429,"3,893",
North Carolina,2012," 9,749,476 ",445095.3,401,124,"1,535",
North Dakota,2012," 701,176 ",51832.6,14,14,53,
Ohio,2012," 11,548,923 ",545740.1,596,319,"1,740",
Oklahoma,2012," 3,818,814 ",174874.4,133,41,473,
Oregon,2012," 3,899,001 ",174611,135,62,430,
Pennsylvania,2012," 12,767,118 ",647925.9,823,280,"3,652",
Rhode Island,2012," 1,054,621 ",51583,25,25,91,
South Carolina,2012," 4,717,354 ",177618.1,122,27,374,
South Dakota,2012," 833,566 ",43901.5,15,15,125,
Tennessee,2012," 6,453,898 ",286341.5,405,125,"1,297",
Texas,2012," 26,084,481 ",1421180.1,"1,040",458,"4,983",
Utah,2012," 2,853,375 ",129512.5,144,63,503,
Vermont,2012," 626,090 ",29241.3,9,9,50,
Virginia,2012," 8,185,080 ",445973.6,314,145,"1,151",
Washington,2012," 6,897,058 ",400530.6,286,115,879,
West Virginia,2012," 1,856,872 ",70322.2,2,2,49,
Wisconsin,2012," 5,719,960 ",277107.1,302,123,"1,161",
Wyoming,2012," 576,305 ",38855.4,0,0,0,
Alabama,2011," 4,799,069 ",187605.8,208,106,972,
Alaska,2011," 722,128 ",55280.3,0,0,0,
Arizona,2011," 6,472,643 ",266101.5,339,182,"1,122",
Arkansas,2011," 2,940,667 ",107932.5,79,15,218,
California,2011," 37,638,369 ",2063827.5,"1,409",601,"6,945",
Colorado,2011," 5,121,108 ",271700.6,252,122,947,
Connecticut,2011," 3,588,283 ",238542.4,98,65,486,
Delaware,2011," 907,381 ",62919.3,10,10,132,
District of Columbia,2011," 619,800 ",111646.5,173,58,470,
Florida,2011," 19,053,237 ",772021.3,737,220,"2,646",
Georgia,2011," 9,802,431 ",441626.7,384,168,"1,502",
Hawaii,2011," 1,379,329 ",70646.6,53,7,113,
Idaho,2011," 1,583,910 ",58226.2,0,0,0,
Illinois,2011," 12,867,454 ",711283.4,578,331,"2,104",
Indiana,2011," 6,516,528 ",299064.5,251,114,870,
Iowa,2011," 3,066,336 ",152435.2,100,53,380,
Kansas,2011," 2,869,225 ",139579.4,213,18,374,
Kentucky,2011," 4,369,821 ",175745.3,123,31,567,
Louisiana,2011," 4,575,625 ",234975.7,196,68,855,
Maine,2011," 1,328,284 ",53789,27,27,56,
Maryland,2011," 5,839,419 ",332437.2,268,154,"1,133",
Massachusetts,2011," 6,613,583 ",434494.5,366,156,"1,274",
Michigan,2011," 9,882,412 ",414834.4,422,175,"1,358",
Minnesota,2011," 5,346,143 ",293783.2,423,274,"1,293",
Mississippi,2011," 2,978,731 ",98515.8,67,0,117,
Missouri,2011," 6,010,275 ",268533.8,227,90,"1,064",
Montana,2011," 997,316 ",41875.7,0,0,0,
Nebraska,2011," 1,840,672 ",102587.4,72,37,359,
Nevada,2011," 2,712,730 ",130697.9,53,5,64,
New Hampshire,2011," 1,320,202 ",67559.1,23,23,79,
New Jersey,2011," 8,828,117 ",507604,328,191,"1,271",
New Mexico,2011," 2,080,450 ",87592.9,59,16,152,
New York,2011," 19,499,241 ",1279527.1,828,493,"3,722",
North Carolina,2011," 9,657,592 ",443288.7,387,128,"1,763",
North Dakota,2011," 685,225 ",42340.8,21,21,63,
Ohio,2011," 11,544,663 ",541180.2,548,279,"1,704",
Oklahoma,2011," 3,788,379 ",166327.2,137,45,456,
Oregon,2011," 3,872,036 ",173831.7,150,67,469,
Pennsylvania,2011," 12,745,815 ",637114,820,247,"3,421",
Rhode Island,2011," 1,053,649 ",51279.6,18,18,90,
South Carolina,2011," 4,671,994 ",176083.2,151,28,503,
South Dakota,2011," 823,579 ",43049.5,21,21,105,
Tennessee,2011," 6,399,291 ",276898.3,396,138,"1,200",
Texas,2011," 25,645,629 ",1353600.4,"1,048",476,"4,829",
Utah,2011," 2,814,384 ",127992.5,161,69,476,
Vermont,2011," 627,049 ",29013.5,7,7,48,
Virginia,2011," 8,101,155 ",444288,274,155,"1,347",
Washington,2011," 6,826,627 ",387745.2,277,115,917,
West Virginia,2011," 1,856,301 ",70361.3,8,8,52,
Wisconsin,2011," 5,705,288 ",272813.2,334,139,"1,201",
Wyoming,2011," 567,299 ",39767.9,0,0,0,
Alabama,2010," 4,785,437 ",184702.4,215,88,"1,047",
Alaska,2010," 713,910 ",54601.5,0,0,0,
Arizona,2010," 6,407,172 ",260307.1,290,172,"1,153",
Arkansas,2010," 2,921,964 ",105662,68,15,236,
California,2010," 37,319,502 ",2036015,"1,473",736,"7,104",
Colorado,2010," 5,047,349 ",267858.9,264,142,846,
Connecticut,2010," 3,579,114 ",244354.7,116,73,550,
Delaware,2010," 899,593 ",60577.2,10,10,158,
District of Columbia,2010," 605,226 ",109986.5,198,93,504,
Florida,2010," 18,845,537 ",775039.5,729,241,"2,665",
Georgia,2010," 9,711,881 ",433727.2,398,160,"1,387",
Hawaii,2010," 1,363,963 ",69628.1,41,7,144,
Idaho,2010," 1,570,746 ",58281.8,0,0,0,
Illinois,2010," 12,840,503 ",698179.6,605,368,"2,094",
Indiana,2010," 6,490,432 ",297517.3,263,124,881,
Iowa,2010," 3,050,745 ",150148.4,118,54,396,
Kansas,2010," 2,858,190 ",135723.2,209,29,396,
Kentucky,2010," 4,348,181 ",173780.1,138,21,439,
Louisiana,2010," 4,544,532 ",246836.2,207,66,814,
Maine,2010," 1,327,629 ",54305,19,19,69,
Maryland,2010," 5,788,645 ",325369.7,263,154,"1,182",
Massachusetts,2010," 6,566,307 ",425792.7,422,208,"1,443",
Michigan,2010," 9,877,510 ",404216.9,464,195,"1,485",
Minnesota,2010," 5,310,828 ",287140.1,429,290,"1,217",
Mississippi,2010," 2,970,548 ",98601.1,77,5,104,
Missouri,2010," 5,995,974 ",270732.9,239,109,"1,018",
Montana,2010," 990,697 ",40793.7,0,0,0,
Nebraska,2010," 1,829,542 ",97466.1,99,58,342,
Nevada,2010," 2,702,405 ",129828.4,51,2,69,
New Hampshire,2010," 1,316,762 ",67125.8,26,26,75,
New Jersey,2010," 8,799,446 ",513917.9,335,194,"1,234",
New Mexico,2010," 2,064,552 ",87610.3,57,16,160,
New York,2010," 19,399,878 ",1277466.8,827,510,"3,533",
North Carolina,2010," 9,574,323 ",437836.5,395,132,"1,763",
North Dakota,2010," 674,715 ",37917.2,19,19,54,
Ohio,2010," 11,539,336 ",523979.4,590,309,"1,957",
Oklahoma,2010," 3,759,944 ",160564.2,131,53,522,
Oregon,2010," 3,837,491 ",169234,151,76,458,
Pennsylvania,2010," 12,711,160 ",627726.3,844,287,"4,096",
Rhode Island,2010," 1,053,959 ",51332.8,25,25,96,
South Carolina,2010," 4,635,649 ",172131,144,36,485,
South Dakota,2010," 816,166 ",40369.6,14,14,104,
Tennessee,2010," 6,355,311 ",268449.8,331,101,"1,156",
Texas,2010," 25,241,971 ",1309962.4,"1,106",535,"5,038",
Utah,2010," 2,775,332 ",123902.2,135,65,357,
Vermont,2010," 625,879 ",28403.7,6,6,49,
Virginia,2010," 8,023,699 ",441242.4,292,148,"1,383",
Washington,2010," 6,742,830 ",380989.5,276,140,913,
West Virginia,2010," 1,854,239 ",69153.5,6,6,72,
Wisconsin,2010," 5,690,475 ",266830.8,305,130,"1,162",
Wyoming,2010," 564,487 ",40056.6,0,0,0,
Alabama,2009," 4,757,938 ",180707.2,242,132,"1,075",
Alaska,2009," 698,895 ",56215.1,0,0,0,
Arizona,2009," 6,343,154 ",257498.5,310,203,"1,039",
Arkansas,2009," 2,896,843 ",102996.6,93,29,237,
California,2009," 36,961,229 ",1995439.7,"1,459",712,"7,014",
Colorado,2009," 4,972,195 ",264966.3,225,115,814,
Connecticut,2009," 3,561,807 ",244894.7,109,74,546,
Delaware,2009," 891,730 ",61517.7,5,5,135,
District of Columbia,2009," 592,228 ",105893.9,225,107,531,
Florida,2009," 18,652,644 ",769061.1,648,205,"2,526",
Georgia,2009," 9,620,846 ",428740.7,353,134,"1,350",
Hawaii,2009," 1,346,717 ",67927.5,44,15,127,
Idaho,2009," 1,554,439 ",57327.9,0,0,0,
Illinois,2009," 12,796,778 ",688161,597,343,"2,021",
Indiana,2009," 6,459,325 ",279520.7,274,138,914,
Iowa,2009," 3,032,870 ",146182.8,107,53,361,
Kansas,2009," 2,832,704 ",134227,225,23,343,
Kentucky,2009," 4,317,074 ",166704.2,125,34,418,
Louisiana,2009," 4,491,648 ",236411,206,75,846,
Maine,2009," 1,329,590 ",53630.1,24,24,70,
Maryland,2009," 5,730,388 ",311342.2,283,172,"1,140",
Massachusetts,2009," 6,517,613 ",407219.6,416,213,"1,313",
Michigan,2009," 9,901,591 ",383140.1,475,214,"1,378",
Minnesota,2009," 5,281,203 ",277494.1,449,286,"1,122",
Mississippi,2009," 2,958,774 ",98000.6,75,2,114,
Missouri,2009," 5,961,088 ",266834.9,254,113,"1,048",
Montana,2009," 983,982 ",39513.4,0,0,0,
Nebraska,2009," 1,812,683 ",93977.6,96,54,352,
Nevada,2009," 2,684,665 ",128241.3,44,4,57,
New Hampshire,2009," 1,316,102 ",65023.4,23,23,83,
New Jersey,2009," 8,755,602 ",506850.7,357,191,"1,203",
New Mexico,2009," 2,036,802 ",88069.9,73,24,155,
New York,2009," 19,307,066 ",1230672.3,914,567,"3,837",
North Carolina,2009," 9,449,566 ",431955.3,364,113,"1,660",
North Dakota,2009," 664,968 ",35244.4,24,24,56,
Ohio,2009," 11,528,896 ",511076.5,564,309,"1,750",
Oklahoma,2009," 3,717,572 ",160091.6,117,40,456,
Oregon,2009," 3,808,600 ",165527.2,178,86,378,
Pennsylvania,2009," 12,666,858 ",610147.9,893,315,"4,103",
Rhode Island,2009," 1,053,646 ",50004.3,19,19,95,
South Carolina,2009," 4,589,872 ",168851.8,151,31,476,
South Dakota,2009," 807,067 ",39987.3,11,11,115,
Tennessee,2009," 6,306,019 ",264737.1,390,124,"1,210",
Texas,2009," 24,801,761 ",1277295.4,"1,065",517,"4,891",
Utah,2009," 2,723,421 ",121431.4,164,78,294,
Vermont,2009," 624,817 ",27222,7,7,74,
Virginia,2009," 7,925,937 ",427648.9,293,164,"1,231",
Washington,2009," 6,667,426 ",370136.6,231,114,788,
West Virginia,2009," 1,847,775 ",68191.8,5,5,65,
Wisconsin,2009," 5,669,264 ",258761.2,327,136,"1,090",
Wyoming,2009," 559,851 ",41546.4,0,0,0,
Alabama,2008," 4,718,206 ",186946.7,218,100,982,
Alaska,2008," 687,455 ",51252.1,0,0,0,
Arizona,2008," 6,280,362 ",280810.1,279,161,"1,035",
Arkansas,2008," 2,874,554 ",106536.5,67,16,252,
California,2008," 36,604,337 ",2061638.8,"1,469",707,"7,136",
Colorado,2008," 4,889,730 ",270981.4,224,115,704,
Connecticut,2008," 3,545,579 ",257756,90,52,556,
Delaware,2008," 883,874 ",58655.7,7,7,168,
District of Columbia,2008," 580,236 ",106768.9,184,79,436,
Florida,2008," 18,527,305 ",816070.2,676,204,"2,531",
Georgia,2008," 9,504,843 ",445764.6,329,117,"1,483",
Hawaii,2008," 1,332,213 ",70460.8,53,16,101,
Idaho,2008," 1,534,320 ",60309.5,0,0,0,
Illinois,2008," 12,747,038 ",706616.5,563,321,"1,926",
Indiana,2008," 6,424,806 ",300962.6,230,104,796,
Iowa,2008," 3,016,734 ",149881.4,87,39,316,
Kansas,2008," 2,808,076 ",139536.8,221,31,335,
Kentucky,2008," 4,289,878 ",173810.1,123,35,418,
Louisiana,2008," 4,435,586 ",232150.7,192,66,"1,010",
Maine,2008," 1,330,509 ",54653.9,23,23,50,
Maryland,2008," 5,684,965 ",314757.6,264,154,882,
Massachusetts,2008," 6,468,967 ",414919.9,377,198,"1,208",
Michigan,2008," 9,946,889 ",420974,500,208,"1,431",
Minnesota,2008," 5,247,018 ",288420.6,447,315,"1,151",
Mississippi,2008," 2,947,806 ",101777.6,84,3,139,
Missouri,2008," 5,923,916 ",273436.2,236,107,"1,013",
Montana,2008," 976,415 ",40471.1,0,0,0,
Nebraska,2008," 1,796,378 ",93840.5,77,45,295,
Nevada,2008," 2,653,630 ",139954.2,61,5,71,
New Hampshire,2008," 1,315,906 ",65854.1,18,18,73,
New Jersey,2008," 8,711,090 ",534501.4,322,157,"1,144",
New Mexico,2008," 2,010,662 ",86965.2,64,24,139,
New York,2008," 19,212,436 ",1190080.9,867,555,"4,048",
North Carolina,2008," 9,309,449 ",450538,353,115,"1,362",
North Dakota,2008," 657,569 ",34256.4,15,15,45,
Ohio,2008," 11,515,391 ",537124.1,574,294,"1,713",
Oklahoma,2008," 3,668,976 ",162387,100,26,436,
Oregon,2008," 3,768,748 ",173598.5,161,93,358,
Pennsylvania,2008," 12,612,285 ",629807.9,876,294,"4,062",
Rhode Island,2008," 1,055,003 ",50575.2,23,23,60,
South Carolina,2008," 4,528,996 ",176567.6,177,36,421,
South Dakota,2008," 799,124 ",39080.8,8,8,91,
Tennessee,2008," 6,247,411 ",274571.1,317,100,"1,136",
Texas,2008," 24,309,039 ",1282088.7,981,419,"4,645",
Utah,2008," 2,663,029 ",124225.5,162,80,327,
Vermont,2008," 624,151 ",27758.4,17,17,63,
Virginia,2008," 7,833,496 ",431216.7,305,168,"1,151",
Washington,2008," 6,562,231 ",381289.9,246,113,787,
West Virginia,2008," 1,840,310 ",68483.9,12,12,58,
Wisconsin,2008," 5,640,996 ",266626.9,357,154,990,
Wyoming,2008," 546,043 ",42868.2,0,0,0,
Alabama,2007," 4,672,840 ",189002.5,270,137,"1,092",
Alaska,2007," 680,300 ",51721,0,0,0,
Arizona,2007," 6,167,681 ",283250.7,314,174,"1,031",
Arkansas,2007," 2,848,650 ",107606.1,92,22,235,
California,2007," 36,250,311 ",2041192.2,"1,467",691,"7,499",
Colorado,2007," 4,803,868 ",266887.5,193,107,718,
Connecticut,2007," 3,527,270 ",257953,92,59,362,
Delaware,2007," 871,749 ",60477.9,8,8,162,
District of Columbia,2007," 574,404 ",102738.7,179,80,541,
Florida,2007," 18,367,842 ",850048.6,674,200,"2,690",
Georgia,2007," 9,349,988 ",455904,340,128,"1,212",
Hawaii,2007," 1,315,675 ",70080.4,32,12,144,
Idaho,2007," 1,505,105 ",58670.9,0,0,0,
Illinois,2007," 12,695,866 ",712619.8,547,308,"1,869",
Indiana,2007," 6,379,599 ",304085.7,210,93,801,
Iowa,2007," 2,999,212 ",152861.8,83,33,312,
Kansas,2007," 2,783,785 ",137093.6,191,18,272,
Kentucky,2007," 4,256,672 ",174407.3,138,44,420,
Louisiana,2007," 4,375,581 ",230367.7,216,87,838,
Maine,2007," 1,327,040 ",55359.9,24,24,65,
Maryland,2007," 5,653,408 ",306755.8,264,155,885,
Massachusetts,2007," 6,431,559 ",406421.2,424,217,"1,133",
Michigan,2007," 10,001,284 ",446943.2,482,221,"1,394",
Minnesota,2007," 5,207,203 ",286299.2,458,321,"1,222",
Mississippi,2007," 2,928,350 ",100211.8,63,3,122,
Missouri,2007," 5,887,612 ",267691.2,267,143,986,
Montana,2007," 964,706 ",40438.3,0,0,0,
Nebraska,2007," 1,783,440 ",93910.8,101,58,329,
Nevada,2007," 2,601,072 ",144107.1,67,12,150,
New Hampshire,2007," 1,312,540 ",66853.6,25,25,99,
New Jersey,2007," 8,677,885 ",520898.3,326,183,"1,210",
New Mexico,2007," 1,990,070 ",86738.8,54,18,109,
New York,2007," 19,132,335 ",1208564.6,908,518,"3,828",
North Carolina,2007," 9,118,037 ",438960.1,345,117,"1,320",
North Dakota,2007," 652,822 ",32022.2,20,20,50,
Ohio,2007," 11,500,468 ",546729.3,601,317,"1,775",
Oklahoma,2007," 3,634,349 ",156219.5,114,25,334,
Oregon,2007," 3,722,417 ",168975.1,166,83,330,
Pennsylvania,2007," 12,563,937 ",617309.9,846,293,"3,883",
Rhode Island,2007," 1,057,315 ",51469.1,24,24,70,
South Carolina,2007," 4,444,110 ",178474.6,209,39,449,
South Dakota,2007," 791,623 ",37755.9,13,13,88,
Tennessee,2007," 6,175,727 ",273224,344,122,"1,134",
Texas,2007," 23,831,983 ",1286192.7,927,341,"4,324",
Utah,2007," 2,597,746 ",123835.3,157,92,316,
Vermont,2007," 623,481 ",26886.7,16,16,54,
Virginia,2007," 7,751,000 ",424939.5,274,168,"1,173",
Washington,2007," 6,461,587 ",373180.6,247,105,814,
West Virginia,2007," 1,834,052 ",67119.1,9,9,95,
Wisconsin,2007," 5,610,775 ",269933.6,352,151,"1,004",
Wyoming,2007," 534,876 ",40632.2,0,0,0,
Alabama,2006," 4,628,981 ",187270.8,277,168,"1,076",
Alaska,2006," 675,302 ",49190.2,0,0,0,
Arizona,2006," 6,029,141 ",274179.4,273,166,959,
Arkansas,2006," 2,821,761 ",108460.6,106,31,268,
California,2006," 36,021,202 ",2002437.4,"1,477",639,"7,521",
Colorado,2006," 4,720,423 ",257430.2,221,118,711,
Connecticut,2006," 3,517,460 ",248233.8,92,53,223,
Delaware,2006," 859,268 ",60624.3,0,0,25,
District of Columbia,2006," 570,681 ",99805.5,203,92,601,
Florida,2006," 18,166,990 ",839963.8,656,223,"2,528",
Georgia,2006," 9,155,813 ",453032.1,341,110,"1,141",
Hawaii,2006," 1,309,731 ",68759.3,41,15,110,
Idaho,2006," 1,468,669 ",57613.7,0,0,0,
Illinois,2006," 12,643,955 ",704827.6,649,379,"2,031",
Indiana,2006," 6,332,669 ",296112.7,233,109,706,
Iowa,2006," 2,982,644 ",146555.3,81,38,225,
Kansas,2006," 2,762,931 ",130364.5,191,22,239,
Kentucky,2006," 4,219,239 ",175657.7,121,26,425,
Louisiana,2006," 4,302,665 ",245500.2,179,63,679,
Maine,2006," 1,323,619 ",55448.4,27,27,116,
Maryland,2006," 5,627,367 ",305794.1,327,206,993,
Massachusetts,2006," 6,410,084 ",395535.8,412,207,"1,057",
Michigan,2006," 10,036,081 ",449853.5,503,243,"1,637",
Minnesota,2006," 5,163,555 ",284382,542,378,"1,186",
Mississippi,2006," 2,904,978 ",99005.8,61,0,94,
Missouri,2006," 5,842,704 ",267221.1,246,132,991,
Montana,2006," 952,692 ",38577.6,0,0,0,
Nebraska,2006," 1,772,693 ",91832.7,124,72,382,
Nevada,2006," 2,522,658 ",142967.1,54,13,134,
New Hampshire,2006," 1,308,389 ",66628.2,18,18,70,
New Jersey,2006," 8,661,679 ",516681.4,316,172,"1,122",
New Mexico,2006," 1,962,137 ",86058.4,54,21,111,
New York,2006," 19,104,631 ",1199276.9,904,507,"3,790",
North Carolina,2006," 8,917,270 ",434209.2,348,123,"1,227",
North Dakota,2006," 649,422 ",30590.1,26,26,66,
Ohio,2006," 11,481,213 ",545504.1,667,396,"1,753",
Oklahoma,2006," 3,594,090 ",152857.7,81,19,332,
Oregon,2006," 3,670,883 ",166107.2,176,80,346,
Pennsylvania,2006," 12,510,809 ",597219.2,859,338,"3,722",
Rhode Island,2006," 1,063,096 ",52899.6,31,31,78,
South Carolina,2006," 4,357,847 ",173370.9,207,32,330,
South Dakota,2006," 783,033 ",36350.8,18,18,71,
Tennessee,2006," 6,088,766 ",274879.2,378,146,"1,031",
Texas,2006," 23,359,580 ",1228547.3,903,354,"3,876",
Utah,2006," 2,525,507 ",118482.3,160,98,316,
Vermont,2006," 622,892 ",27128.8,12,12,52,
Virginia,2006," 7,673,725 ",419870.6,320,191,"1,307",
Washington,2006," 6,370,753 ",353263.5,242,112,806,
West Virginia,2006," 1,827,912 ",66861.4,16,16,86,
Wisconsin,2006," 5,577,655 ",268246.4,362,182,974,
Wyoming,2006," 522,667 ",37813.4,0,0,0,
Alabama,2005," 4,569,805 ",184369.5,259,176,964,
Alaska,2005," 666,946 ",45657.1,0,0,0,
Arizona,2005," 5,839,077 ",262326,262,148,762,
Arkansas,2005," 2,781,097 ",105980,103,38,207,
California,2005," 35,827,943 ",1926842.1,"1,404",662,"7,550",
Colorado,2005," 4,631,888 ",251558.4,231,111,698,
Connecticut,2005," 3,506,956 ",238549.5,84,42,263,
Delaware,2005," 845,150 ",59335.1,0,0,22,
District of Columbia,2005," 567,136 ",99480.7,227,92,532,
Florida,2005," 17,842,038 ",815755.8,649,227,"2,429",
Georgia,2005," 8,925,922 ",447152.9,310,115,918,
Hawaii,2005," 1,292,729 ",67123.9,56,33,126,
Idaho,2005," 1,428,241 ",56043,0,0,0,
Illinois,2005," 12,609,903 ",687706.6,632,361,"1,971",
Indiana,2005," 6,278,616 ",290328.2,223,78,711,
Iowa,2005," 2,964,454 ",144577.3,97,46,219,
Kansas,2005," 2,745,299 ",123949.8,171,25,219,
Kentucky,2005," 4,182,742 ",171180.3,129,49,364,
Louisiana,2005," 4,576,628 ",247773.2,206,70,627,
Maine,2005," 1,318,787 ",54926.9,19,19,90,
Maryland,2005," 5,592,379 ",301660.6,278,192,"1,045",
Massachusetts,2005," 6,403,290 ",386803.5,406,206,"1,162",
Michigan,2005," 10,051,137 ",457137.7,506,274,"1,583",
Minnesota,2005," 5,119,598 ",284636.9,550,393,"1,143",
Mississippi,2005," 2,905,943 ",96820.7,67,0,103,
Missouri,2005," 5,790,300 ",265735.1,249,141,928,
Montana,2005," 940,102 ",37373.9,0,0,0,
Nebraska,2005," 1,761,497 ",89309.1,94,55,356,
Nevada,2005," 2,432,143 ",137508.8,59,20,121,
New Hampshire,2005," 1,298,492 ",65034.4,17,17,58,
New Jersey,2005," 8,651,974 ",507894.7,342,198,"1,204",
New Mexico,2005," 1,932,274 ",84034.4,56,17,88,
New York,2005," 19,132,610 ",1168891.1,869,526,"3,485",
North Carolina,2005," 8,705,407 ",409003.9,356,153,"1,173",
North Dakota,2005," 646,089 ",29345.2,26,26,42,
Ohio,2005," 11,463,320 ",545968.7,621,394,"1,583",
Oklahoma,2005," 3,548,597 ",143471.1,99,24,352,
Oregon,2005," 3,613,202 ",158163.4,175,95,321,
Pennsylvania,2005," 12,449,990 ",594855.1,814,320,"3,393",
Rhode Island,2005," 1,067,916 ",51369.7,34,34,83,
South Carolina,2005," 4,270,150 ",169488.5,165,32,324,
South Dakota,2005," 775,493 ",35842.2,24,24,92,
Tennessee,2005," 5,991,057 ",268391.7,345,160,933,
Texas,2005," 22,778,123 ",1141373.7,842,340,"3,375",
Utah,2005," 2,457,719 ",110046.4,125,66,241,
Vermont,2005," 621,215 ",26995.6,14,14,52,
Virginia,2005," 7,577,105 ",412084.6,326,211,"1,145",
Washington,2005," 6,257,305 ",340428,260,128,856,
West Virginia,2005," 1,820,492 ",65678.4,18,18,85,
Wisconsin,2005," 5,546,166 ",263698.6,367,181,"1,016",
Wyoming,2005," 514,157 ",33484,0,0,0,
Alabama,2004," 4,530,729 ",176625,234,159,974,
Alaska,2004," 659,286 ",44055,0,0,0,
Arizona,2004," 5,652,404 ",244317.3,221,148,676,
Arkansas,2004," 2,749,686 ",101733.6,99,37,141,
California,2004," 35,574,576 ",1850904.5,"1,432",743,"7,781",
Colorado,2004," 4,575,013 ",240747.6,176,81,654,
Connecticut,2004," 3,496,094 ",233426.5,98,48,259,
Delaware,2004," 830,803 ",60069.9,3,3,25,
District of Columbia,2004," 567,754 ",97463.5,187,82,550,
Florida,2004," 17,415,318 ",769140.5,656,249,"2,350",
Georgia,2004," 8,769,252 ",428555.2,345,150,933,
Hawaii,2004," 1,273,569 ",63318.1,38,16,172,
Idaho,2004," 1,391,802 ",51815.1,0,0,0,
Illinois,2004," 12,589,773 ",676805.9,599,323,"1,895",
Indiana,2004," 6,233,007 ",287655.9,218,80,661,
Iowa,2004," 2,953,635 ",139978.1,96,59,198,
Kansas,2004," 2,734,373 ",119391.6,150,19,172,
Kentucky,2004," 4,146,101 ",164650.2,110,35,414,
Louisiana,2004," 4,552,238 ",232712.8,235,106,823,
Maine,2004," 1,313,688 ",54256,26,26,57,
Maryland,2004," 5,546,935 ",290284.6,287,201,941,
Massachusetts,2004," 6,412,281 ",379086.1,401,218,"1,213",
Michigan,2004," 10,055,315 ",448888.3,504,279,"1,429",
Minnesota,2004," 5,087,713 ",275560.1,525,388,"1,075",
Mississippi,2004," 2,889,010 ",94482.6,44,0,68,
Missouri,2004," 5,747,741 ",259741.4,227,133,994,
Montana,2004," 930,009 ",35528.6,0,0,0,
Nebraska,2004," 1,749,370 ",85987.1,88,54,258,
Nevada,2004," 2,346,222 ",127325.6,63,13,107,
New Hampshire,2004," 1,290,121 ",64408.6,18,18,37,
New Jersey,2004," 8,634,561 ",498245.2,325,186,"1,205",
New Mexico,2004," 1,903,808 ",83038.7,57,28,79,
New York,2004," 19,171,567 ",1144125.1,781,478,"2,935",
North Carolina,2004," 8,553,152 ",389210.1,338,161,"1,075",
North Dakota,2004," 644,705 ",28284.1,24,24,51,
Ohio,2004," 11,452,251 ",534064.6,620,385,"1,419",
Oklahoma,2004," 3,525,233 ",138096.8,103,20,299,
Oregon,2004," 3,569,463 ",152001.1,161,82,313,
Pennsylvania,2004," 12,410,722 ",584328.3,861,369,"3,324",
Rhode Island,2004," 1,074,579 ",50513.8,36,36,75,
South Carolina,2004," 4,210,921 ",164083.4,133,20,289,
South Dakota,2004," 770,396 ",34269.6,23,23,88,
Tennessee,2004," 5,910,809 ",260553.5,324,147,921,
Texas,2004," 22,394,023 ",1109477,853,340,"3,280",
Utah,2004," 2,401,580 ",102846.7,151,93,247,
Vermont,2004," 619,920 ",26855.2,10,10,47,
Virginia,2004," 7,475,575 ",392941.3,305,211,"1,026",
Washington,2004," 6,178,645 ",319848.9,290,129,753,
West Virginia,2004," 1,816,438 ",64159.8,17,17,77,
Wisconsin,2004," 5,514,026 ",256167.4,378,198,"1,120",
Wyoming,2004," 509,106 ",31695.7,0,0,0,
Alabama,2003," 4,503,491 ",165134.7,257,172,906,
Alaska,2003," 648,414 ",42355.3,0,0,0,
Arizona,2003," 5,510,364 ",234065.9,202,134,605,
Arkansas,2003," 2,724,816 ",96944.5,82,40,142,
California,2003," 35,253,159 ",1789998.5,"1,390",733,"6,716",
Colorado,2003," 4,528,732 ",237782.3,154,80,596,
Connecticut,2003," 3,484,336 ",219186,92,58,234,
Delaware,2003," 818,003 ",57300,2,2,24,
District of Columbia,2003," 568,502 ",92921,189,113,596,
Florida,2003," 17,004,085 ",722374.5,562,198,"2,110",
Georgia,2003," 8,622,793 ",411685.6,275,110,880,
Hawaii,2003," 1,251,154 ",59978.8,40,12,115,
Idaho,2003," 1,363,380 ",48593.7,0,0,0,
Illinois,2003," 12,556,006 ",658317.3,600,328,"1,946",
Indiana,2003," 6,196,638 ",277151.6,201,60,572,
Iowa,2003," 2,941,999 ",128962.3,107,63,243,
Kansas,2003," 2,723,004 ",118192.5,134,31,174,
Kentucky,2003," 4,117,170 ",159990.8,124,38,326,
Louisiana,2003," 4,521,042 ",221774.4,188,79,814,
Maine,2003," 1,306,513 ",52209.8,28,28,70,
Maryland,2003," 5,496,269 ",278332,244,181,865,
Massachusetts,2003," 6,422,565 ",369007.4,386,202,"1,147",
Michigan,2003," 10,041,152 ",443652.2,464,278,"1,181",
Minnesota,2003," 5,053,572 ",264165.9,542,406,"1,049",
Mississippi,2003," 2,868,312 ",92354.7,56,2,67,
Missouri,2003," 5,709,403 ",252677.3,190,106,759,
Montana,2003," 919,630 ",33810.5,0,0,0,
Nebraska,2003," 1,738,643 ",83773.3,77,45,273,
Nevada,2003," 2,248,850 ",115275.4,50,17,58,
New Hampshire,2003," 1,279,840 ",61892.7,10,10,64,
New Jersey,2003," 8,601,402 ",494703.5,287,173,"1,277",
New Mexico,2003," 1,877,574 ",76767.5,39,20,94,
New York,2003," 19,175,939 ",1110613.1,724,454,"2,761",
North Carolina,2003," 8,422,501 ",373987.6,335,184,"1,232",
North Dakota,2003," 638,817 ",27870.4,37,37,46,
Ohio,2003," 11,434,788 ",519939.4,548,331,"1,347",
Oklahoma,2003," 3,504,892 ",133417.2,119,40,296,
Oregon,2003," 3,547,376 ",144802.8,216,130,322,
Pennsylvania,2003," 12,374,658 ",568242.4,825,349,"3,032",
Rhode Island,2003," 1,071,342 ",48571.1,31,31,94,
South Carolina,2003," 4,150,297 ",161269.3,108,26,313,
South Dakota,2003," 763,729 ",32979.1,21,21,54,
Tennessee,2003," 5,847,812 ",248993.8,317,166,877,
Texas,2003," 22,030,931 ",1050609.4,816,357,"3,108",
Utah,2003," 2,360,137 ",97017.3,150,90,238,
Vermont,2003," 617,858 ",25464.9,12,12,50,
Virginia,2003," 7,366,977 ",377723.8,272,182,"1,037",
Washington,2003," 6,104,115 ",312556.4,279,136,641,
West Virginia,2003," 1,812,295 ",63145.5,33,33,59,
Wisconsin,2003," 5,479,203 ",247766.1,317,146,927,
Wyoming,2003," 503,453 ",30673.2,0,0,0,
Alabama,2002," 4,480,089 ",160422.4,260,162,909,
Alaska,2002," 642,337 ",42979,0,0,0,
Arizona,2002," 5,396,255 ",220696.7,217,137,531,
Arkansas,2002," 2,705,927 ",92950.5,90,39,139,
California,2002," 34,871,843 ",1722522.4,"1,276",670,"6,400",
Colorado,2002," 4,490,406 ",235417.3,156,77,602,
Connecticut,2002," 3,458,749 ",216677.7,121,79,273,
Delaware,2002," 806,169 ",56534.5,4,4,34,
District of Columbia,2002," 573,158 ",91141.5,187,104,610,
Florida,2002," 16,689,370 ",689974,515,153,"2,099",
Georgia,2002," 8,508,256 ",399413.4,282,124,742,
Hawaii,2002," 1,239,613 ",56990.8,45,21,143,
Idaho,2002," 1,340,372 ",47056.8,0,0,0,
Illinois,2002," 12,525,556 ",647517.8,572,309,"1,753",
Indiana,2002," 6,155,967 ",265345.1,189,67,455,
Iowa,2002," 2,934,234 ",123298.2,97,49,230,
Kansas,2002," 2,713,535 ",116195,141,28,167,
Kentucky,2002," 4,089,875 ",155643.9,121,37,348,
Louisiana,2002," 4,497,267 ",213079.4,166,69,745,
Maine,2002," 1,295,960 ",50910.4,30,30,74,
Maryland,2002," 5,440,389 ",270468.4,264,190,"1,105",
Massachusetts,2002," 6,417,206 ",362581.6,354,170,970,
Michigan,2002," 10,015,710 ",436802.2,458,251,"1,096",
Minnesota,2002," 5,018,935 ",253478.4,497,363,"1,122",
Mississippi,2002," 2,858,681 ",88569.4,58,4,74,
Missouri,2002," 5,674,825 ",247437.1,179,98,815,
Montana,2002," 911,667 ",32503.7,0,0,0,
Nebraska,2002," 1,728,292 ",79179.8,74,43,236,
Nevada,2002," 2,173,791 ",110448.6,50,18,119,
New Hampshire,2002," 1,269,089 ",59474.6,15,15,38,
New Jersey,2002," 8,552,643 ",484657.1,280,171,"1,049",
New Mexico,2002," 1,855,309 ",73909.6,49,30,84,
New York,2002," 19,137,800 ",1106150.8,720,460,"2,776",
North Carolina,2002," 8,326,201 ",364870.4,301,159,"1,203",
North Dakota,2002," 638,168 ",26290.8,22,22,75,
Ohio,2002," 11,407,889 ",513215.5,590,376,"1,304",
Oklahoma,2002," 3,489,080 ",131293.3,103,46,337,
Oregon,2002," 3,513,424 ",138932.5,192,119,334,
Pennsylvania,2002," 12,331,031 ",555055.9,811,328,"2,811",
Rhode Island,2002," 1,065,995 ",47224.5,37,37,70,
South Carolina,2002," 4,107,795 ",155275.1,119,23,345,
South Dakota,2002," 760,020 ",32784.9,9,9,51,
Tennessee,2002," 5,795,918 ",240971.7,320,144,840,
Texas,2002," 21,690,325 ",1043566.9,802,360,"3,025",
Utah,2002," 2,324,815 ",95383.1,132,75,211,
Vermont,2002," 615,442 ",24570.1,0,0,31,
Virginia,2002," 7,286,873 ",364932.4,240,173,981,
Washington,2002," 6,052,349 ",307583.2,266,145,565,
West Virginia,2002," 1,805,414 ",62834.1,20,20,83,
Wisconsin,2002," 5,445,162 ",240543.3,367,207,"1,084",
Wyoming,2002," 500,017 ",29777.1,0,0,0,
Alabama,2001," 4,467,634 ",156853.2,259,143,"1,037",
Alaska,2001," 633,714 ",40958.7,0,0,0,
Arizona,2001," 5,273,477 ",213166.2,206,140,683,
Arkansas,2001," 2,691,571 ",89789,69,38,144,
California,2001," 34,479,458 ",1692324.1,"1,230",650,"6,119",
Colorado,2001," 4,425,687 ",234979.4,147,81,665,
Connecticut,2001," 3,432,835 ",218135.3,126,91,362,
Delaware,2001," 795,699 ",58372.7,4,4,44,
District of Columbia,2001," 574,504 ",88440.7,169,97,610,
Florida,2001," 16,356,966 ",660659.5,588,193,"2,361",
Georgia,2001," 8,377,038 ",394317.3,289,104,802,
Hawaii,2001," 1,225,948 ",55678.5,37,14,165,
Idaho,2001," 1,319,962 ",46084.5,0,0,0,
Illinois,2001," 12,488,445 ",642292.5,482,271,"1,721",
Indiana,2001," 6,127,760 ",259474.8,158,65,417,
Iowa,2001," 2,931,997 ",120449.8,106,54,247,
Kansas,2001," 2,702,162 ",114327.7,137,28,166,
Kentucky,2001," 4,068,132 ",151834.3,115,47,375,
Louisiana,2001," 4,477,875 ",208617.8,182,74,700,
Maine,2001," 1,285,692 ",49471,39,39,41,
Maryland,2001," 5,374,691 ",261532.9,304,232,"1,097",
Massachusetts,2001," 6,397,634 ",362663.8,379,172,"1,049",
Michigan,2001," 9,991,120 ",425103.2,433,233,"1,169",
Minnesota,2001," 4,982,796 ",247599.4,537,401,"1,131",
Mississippi,2001," 2,852,994 ",87309.5,49,2,75,
Missouri,2001," 5,641,142 ",243060.4,215,126,883,
Montana,2001," 906,961 ",31532.6,0,0,0,
Nebraska,2001," 1,719,836 ",78180.9,66,34,283,
Nevada,2001," 2,098,399 ",106635.3,51,24,111,
New Hampshire,2001," 1,255,517 ",57632.6,14,14,30,
New Jersey,2001," 8,492,671 ",476616.7,290,166,"1,089",
New Mexico,2001," 1,831,690 ",71730.5,44,28,90,
New York,2001," 19,082,838 ",1112794.4,725,454,"2,851",
North Carolina,2001," 8,210,122 ",359617,286,152,"1,151",
North Dakota,2001," 639,062 ",24909.9,33,33,77,
Ohio,2001," 11,387,404 ",502967.6,545,322,"1,433",
Oklahoma,2001," 3,467,100 ",128891.2,106,37,334,
Oregon,2001," 3,467,937 ",136166.1,182,95,272,
Pennsylvania,2001," 12,298,970 ",547260.9,724,285,"2,815",
Rhode Island,2001," 1,057,142 ",45749.8,42,42,86,
South Carolina,2001," 4,064,995 ",151015.9,135,26,427,
South Dakota,2001," 757,972 ",29455.2,7,7,40,
Tennessee,2001," 5,750,789 ",233362.5,267,127,812,
Texas,2001," 21,319,622 ",1020537.8,710,286,"2,955",
Utah,2001," 2,283,715 ",93556.7,123,76,227,
Vermont,2001," 612,223 ",23752.4,4,4,8,
Virginia,2001," 7,198,362 ",360601.1,265,173,"1,006",
Washington,2001," 5,985,722 ",303673.8,283,154,584,
West Virginia,2001," 1,801,481 ",61818.6,20,20,78,
Wisconsin,2001," 5,406,835 ",236088.7,300,158,"1,016",
Wyoming,2001," 494,657 ",29130.5,0,0,0,
Alabama,2000," 4,452,173 ",157221.3,234,112,928,
Alaska,2000," 627,963 ",39406.6,0,0,0,
Arizona,2000," 5,160,586 ",208439.5,166,94,503,
Arkansas,2000," 2,678,588 ",89871.7,76,45,114,
California,2000," 33,987,977 ",1696172.4,"1,158",618,"5,988",
Colorado,2000," 4,326,921 ",231589.8,176,96,631,
Connecticut,2000," 3,411,777 ",216157.6,120,75,304,
Delaware,2000," 786,373 ",56550.2,2,2,43,
District of Columbia,2000," 572,046 ",85355.9,190,114,474,
Florida,2000," 16,047,515 ",642708.2,525,154,"1,963",
Georgia,2000," 8,227,303 ",389727.3,246,98,913,
Hawaii,2000," 1,213,519 ",55891.1,38,11,128,
Idaho,2000," 1,299,430 ",47295.4,0,0,0,
Illinois,2000," 12,434,161 ",640723.4,491,231,"1,829",
Indiana,2000," 6,091,866 ",264121.7,134,59,426,
Iowa,2000," 2,929,067 ",121924.2,119,61,254,
Kansas,2000," 2,693,681 ",114030.5,129,25,172,
Kentucky,2000," 4,049,021 ",151495.1,118,41,398,
Louisiana,2000," 4,471,885 ",205722.6,160,66,681,
Maine,2000," 1,277,072 ",48490.2,26,26,84,
Maryland,2000," 5,311,034 ",250771.7,321,240,"1,410",
Massachusetts,2000," 6,361,104 ",358121.5,353,185,"1,075",
Michigan,2000," 9,952,450 ",438463.8,426,247,"1,109",
Minnesota,2000," 4,933,692 ",247802.6,449,300,"1,261",
Mississippi,2000," 2,848,353 ",88077.5,48,1,75,
Missouri,2000," 5,607,285 ",244705.9,222,127,992,
Montana,2000," 903,773 ",31241.1,0,0,0,
Nebraska,2000," 1,713,820 ",76368.1,62,32,292,
Nevada,2000," 2,018,741 ",105635.4,49,20,129,
New Hampshire,2000," 1,239,882 ",56779.4,12,12,20,
New Jersey,2000," 8,430,621 ",471426.9,283,148,"1,008",
New Mexico,2000," 1,821,204 ",71652.8,53,25,98,
New York,2000," 19,001,780 ",1092188.2,678,391,"2,996",
North Carolina,2000," 8,081,614 ",356912.5,273,121,"1,224",
North Dakota,2000," 642,023 ",24706,12,12,71,
Ohio,2000," 11,363,543 ",509949.2,524,275,"1,528",
Oklahoma,2000," 3,454,365 ",124227.6,83,22,335,
Oregon,2000," 3,429,708 ",137400.6,168,83,243,
Pennsylvania,2000," 12,284,173 ",538790.2,690,275,"3,238",
Rhode Island,2000," 1,050,268 ",45178.6,32,32,86,
South Carolina,2000," 4,024,223 ",150156.4,135,30,449,
South Dakota,2000," 755,844 ",29386.1,7,7,47,
Tennessee,2000," 5,703,719 ",233732.2,243,111,877,
Texas,2000," 20,944,499 ",995661.2,734,321,"2,757",
Utah,2000," 2,244,502 ",92498.4,116,66,209,
Vermont,2000," 609,618 ",23016.8,8,8,27,
Virginia,2000," 7,105,817 ",348327,242,164,883,
Washington,2000," 5,910,512 ",311209.9,281,135,584,
West Virginia,2000," 1,807,021 ",61665.7,19,19,79,
Wisconsin,2000," 5,373,999 ",232411.7,288,143,923,
Wyoming,2000," 494,300 ",27435,0,0,0,
